Error;Turn
-21,775;-33,5
-21,775;-33,5
-21,775;-33,5
-21,775;-33,5
-21,775;-33,5
-21,775;-33,5
-21,775;-33,5
-21,125;-32,5
-21,775;-33,5
-21,775;-33,5
-21,125;-32,5
-21,125;-32,5
-21,125;-32,5
-21,125;-32,5
-18,525;-28,5
-15,925;-24,5
-11,375;-17,5
-4,225;-6,5
0,975;1,5
4,225;6,5
8,125;12,5
15,275;23,5
19,175;29,5
19,825;30,5
21,775;33,5
21,775;33,5
21,775;33,5
21,125;32,5
19,175;29,5
19,175;29,5
18,525;28,5
17,875;27,5
17,875;27,5
17,875;27,5
17,875;27,5
19,175;29,5
19,825;30,5
19,825;30,5
19,175;29,5
19,175;29,5
20,475;31,5
20,475;31,5
20,475;31,5
20,475;31,5
20,475;31,5
20,475;31,5
20,475;31,5
20,475;31,5
20,475;31,5
20,475;31,5
20,475;31,5
20,475;31,5
19,825;30,5
19,825;30,5
21,775;33,5
21,775;33,5
23,075;35,5
23,075;35,5
22,425;34,5
19,825;30,5
15,275;23,5
6,175;9,5
-0,975;-1,5
-6,175;-9,5
-12,675;-19,5
-18,525;-28,5
-19,175;-29,5
-19,175;-29,5
-21,125;-32,5
-21,775;-33,5
-21,125;-32,5
-21,125;-32,5
-21,775;-33,5
-19,175;-29,5
-19,175;-29,5
-22,425;-34,5
-21,775;-33,5
-21,125;-32,5
-22,425;-34,5
-22,425;-34,5
-22,425;-34,5
-20,475;-31,5
-20,475;-31,5
-20,475;-31,5
-21,775;-33,5
-21,775;-33,5
-21,775;-33,5
-19,825;-30,5
-21,125;-32,5
-21,125;-32,5
-21,125;-32,5
-20,475;-31,5
-21,125;-32,5
-21,775;-33,5
-20,475;-31,5
-19,175;-29,5
-15,275;-23,5
-10,075;-15,5
2,925;4,5
13,325;20,5
21,125;32,5
23,075;35,5
23,725;36,5
23,725;36,5
23,725;36,5
23,725;36,5
23,725;36,5
23,725;36,5
23,725;36,5
23,725;36,5
23,725;36,5
23,725;36,5
23,725;36,5
23,725;36,5
23,725;36,5
23,725;36,5
24,375;37,5
24,375;37,5
24,375;37,5
24,375;37,5
24,375;37,5
23,725;36,5
23,725;36,5
23,725;36,5
23,725;36,5
25,025;38,5
25,025;38,5
25,025;38,5
24,375;37,5
24,375;37,5
24,375;37,5
24,375;37,5
23,725;36,5
23,725;36,5
17,875;27,5
8,125;12,5
-0,975;-1,5
-12,675;-19,5
-19,175;-29,5
-19,175;-29,5
-23,075;-35,5
-23,075;-35,5
-21,125;-32,5
-21,125;-32,5
-22,425;-34,5
-22,425;-34,5
-19,175;-29,5
-19,175;-29,5
-20,475;-31,5
-19,825;-30,5
-22,425;-34,5
-22,425;-34,5
-22,425;-34,5
-22,425;-34,5
-22,425;-34,5
-23,725;-36,5
-22,425;-34,5
-22,425;-34,5
-22,425;-34,5
-23,725;-36,5
-21,775;-33,5
-22,425;-34,5
-20,475;-31,5
-19,825;-30,5
-21,125;-32,5
-21,125;-32,5
-21,125;-32,5
-20,475;-31,5
-20,475;-31,5
-20,475;-31,5
-20,475;-31,5
-20,475;-31,5
-21,125;-32,5
-19,825;-30,5
-22,425;-34,5
-20,475;-31,5
-18,525;-28,5
-13,975;-21,5
-4,225;-6,5
7,475;11,5
13,975;21,5
19,175;29,5
21,775;33,5
21,775;33,5
21,775;33,5
21,775;33,5
21,775;33,5
21,775;33,5
21,125;32,5
21,125;32,5
20,475;31,5
18,525;28,5
18,525;28,5
18,525;28,5
20,475;31,5
20,475;31,5
21,775;33,5
21,775;33,5
21,775;33,5
21,775;33,5
21,775;33,5
21,775;33,5
21,775;33,5
21,775;33,5
21,775;33,5
21,775;33,5
22,425;34,5
22,425;34,5
22,425;34,5
21,775;33,5
21,775;33,5
21,775;33,5
22,425;34,5
22,425;34,5
21,775;33,5
20,475;31,5
14,625;22,5
6,825;10,5
-2,925;-4,5
-11,375;-17,5
-17,875;-27,5
-18,525;-28,5
-20,475;-31,5
-21,125;-32,5
-21,125;-32,5
-21,125;-32,5
-21,125;-32,5
-21,125;-32,5
-21,125;-32,5
-21,125;-32,5
-20,475;-31,5
-20,475;-31,5
-23,075;-35,5
-20,475;-31,5
-20,475;-31,5
-20,475;-31,5
-20,475;-31,5
-21,775;-33,5
-22,425;-34,5
-22,425;-34,5
-21,775;-33,5
-23,075;-35,5
-23,075;-35,5
-19,825;-30,5
-19,175;-29,5
-19,175;-29,5
-21,125;-32,5
-21,125;-32,5
-22,425;-34,5
-21,125;-32,5
-20,475;-31,5
-19,825;-30,5
-23,075;-35,5
-23,075;-35,5
-23,075;-35,5
-22,425;-34,5
-20,475;-31,5
-17,225;-26,5
-14,625;-22,5
-5,525;-8,5
3,575;5,5
11,375;17,5
14,625;22,5
15,925;24,5
17,875;27,5
17,875;27,5
17,875;27,5
17,875;27,5
17,875;27,5
17,875;27,5
17,875;27,5
16,575;25,5
17,225;26,5
17,225;26,5
17,875;27,5
18,525;28,5
18,525;28,5
18,525;28,5
18,525;28,5
18,525;28,5
19,175;29,5
19,175;29,5
20,475;31,5
20,475;31,5
20,475;31,5
20,475;31,5
20,475;31,5
19,825;30,5
19,825;30,5
19,825;30,5
18,525;28,5
16,575;25,5
13,975;21,5
13,975;21,5
12,675;19,5
12,675;19,5
15,925;24,5
15,925;24,5
17,225;26,5
17,225;26,5
16,575;25,5
17,225;26,5
17,225;26,5
15,925;24,5
15,925;24,5
16,575;25,5
12,025;18,5
5,525;8,5
-4,875;-7,5
-12,025;-18,5
-16,575;-25,5
-17,875;-27,5
-19,825;-30,5
-20,475;-31,5
-21,775;-33,5
-21,775;-33,5
-21,125;-32,5
-21,125;-32,5
-20,475;-31,5
-20,475;-31,5
-22,425;-34,5
-20,475;-31,5
-20,475;-31,5
-20,475;-31,5
-21,125;-32,5
-19,825;-30,5
-19,825;-30,5
-20,475;-31,5
-21,775;-33,5
-21,125;-32,5
-21,125;-32,5
-20,475;-31,5
-18,525;-28,5
-20,475;-31,5
-23,725;-36,5
-23,725;-36,5
-20,475;-31,5
-20,475;-31,5
-20,475;-31,5
-15,925;-24,5
-8,775;-13,5
1,625;2,5
13,325;20,5
17,225;26,5
19,825;30,5
20,475;31,5
20,475;31,5
21,125;32,5
21,775;33,5
21,775;33,5
21,775;33,5
21,775;33,5
21,775;33,5
22,425;34,5
22,425;34,5
23,075;35,5
23,075;35,5
23,075;35,5
23,075;35,5
23,725;36,5
23,725;36,5
22,425;34,5
23,075;35,5
23,075;35,5
22,425;34,5
23,075;35,5
23,075;35,5
23,075;35,5
23,075;35,5
23,075;35,5
23,075;35,5
23,075;35,5
20,475;31,5
21,125;32,5
21,125;32,5
21,125;32,5
18,525;28,5
9,425;14,5
-4,225;-6,5
-13,975;-21,5
-16,575;-25,5
-17,875;-27,5
-22,425;-34,5
-19,825;-30,5
-22,425;-34,5
-22,425;-34,5
-19,175;-29,5
-21,775;-33,5
-20,475;-31,5
-21,125;-32,5
-21,125;-32,5
-21,775;-33,5
-20,475;-31,5
-20,475;-31,5
-21,775;-33,5
-21,775;-33,5
-21,775;-33,5
-21,775;-33,5
-22,425;-34,5
-22,425;-34,5
-22,425;-34,5
-22,425;-34,5
-22,425;-34,5
-23,075;-35,5
-23,075;-35,5
-21,125;-32,5
-19,825;-30,5
-19,175;-29,5
-21,125;-32,5
-21,125;-32,5
-21,125;-32,5
-20,475;-31,5
-21,775;-33,5
-20,475;-31,5
-20,475;-31,5
-21,125;-32,5
-20,475;-31,5
-20,475;-31,5
-23,075;-35,5
-23,075;-35,5
-19,175;-29,5
-10,075;-15,5
-1,625;-2,5
3,575;5,5
11,375;17,5
14,625;22,5
15,275;23,5
16,575;25,5
17,225;26,5
14,625;22,5
13,325;20,5
12,675;19,5
11,375;17,5
11,375;17,5
11,375;17,5
11,375;17,5
11,375;17,5
12,025;18,5
14,625;22,5
15,925;24,5
19,175;29,5
19,175;29,5
19,175;29,5
19,825;30,5
19,175;29,5
19,175;29,5
19,175;29,5
19,175;29,5
19,175;29,5
19,825;30,5
21,125;32,5
21,125;32,5
17,875;27,5
17,875;27,5
17,875;27,5
17,875;27,5
17,875;27,5
17,875;27,5
17,875;27,5
17,875;27,5
17,875;27,5
17,225;26,5
17,225;26,5
17,225;26,5
19,175;29,5
18,525;28,5
18,525;28,5
14,625;22,5
10,075;15,5
2,925;4,5
-3,575;-5,5
-13,325;-20,5
-17,225;-26,5
-17,875;-27,5
-21,125;-32,5
-21,125;-32,5
-21,125;-32,5
-20,475;-31,5
-20,475;-31,5
-20,475;-31,5
-19,825;-30,5
-19,175;-29,5
-19,175;-29,5
-21,125;-32,5
-21,125;-32,5
-21,125;-32,5
-22,425;-34,5
-22,425;-34,5
-22,425;-34,5
-21,125;-32,5
-22,425;-34,5
-22,425;-34,5
-22,425;-34,5
-19,175;-29,5
-19,175;-29,5
-19,175;-29,5
-21,125;-32,5
-20,475;-31,5
-20,475;-31,5
-20,475;-31,5
-21,125;-32,5
-21,125;-32,5
-18,525;-28,5
-13,325;-20,5
-5,525;-8,5
2,925;4,5
10,075;15,5
15,275;23,5
20,475;31,5
21,125;32,5
23,725;36,5
23,725;36,5
23,725;36,5
23,725;36,5
24,375;37,5
24,375;37,5
23,075;35,5
23,725;36,5
24,375;37,5
24,375;37,5
24,375;37,5
24,375;37,5
25,025;38,5
24,375;37,5
24,375;37,5
24,375;37,5
23,725;36,5
23,725;36,5
23,725;36,5
23,725;36,5
23,725;36,5
23,725;36,5
23,075;35,5
20,475;31,5
20,475;31,5
20,475;31,5
18,525;28,5
18,525;28,5
18,525;28,5
17,225;26,5
11,375;17,5
2,275;3,5
-9,425;-14,5
-17,225;-26,5
-18,525;-28,5
-19,825;-30,5
-21,775;-33,5
-20,475;-31,5
-22,425;-34,5
-22,425;-34,5
-22,425;-34,5
-20,475;-31,5
-20,475;-31,5
-22,425;-34,5
-21,775;-33,5
-19,825;-30,5
-19,825;-30,5
-21,775;-33,5
-21,775;-33,5
-21,775;-33,5
-21,125;-32,5
-22,425;-34,5
-22,425;-34,5
-20,475;-31,5
-20,475;-31,5
-19,825;-30,5
-20,475;-31,5
-20,475;-31,5
-21,775;-33,5
-22,425;-34,5
-20,475;-31,5
-19,175;-29,5
-19,175;-29,5
-21,125;-32,5
-21,775;-33,5
-21,775;-33,5
-20,475;-31,5
-20,475;-31,5
-20,475;-31,5
-21,125;-32,5
-21,125;-32,5
-21,125;-32,5
-21,775;-33,5
-17,875;-27,5
-10,725;-16,5
-3,575;-5,5
6,825;10,5
16,575;25,5
20,475;31,5
20,475;31,5
20,475;31,5
20,475;31,5
22,425;34,5
24,375;37,5
24,375;37,5
24,375;37,5
24,375;37,5
24,375;37,5
24,375;37,5
24,375;37,5
24,375;37,5
24,375;37,5
24,375;37,5
25,025;38,5
25,025;38,5
25,675;39,5
25,675;39,5
25,675;39,5
25,025;38,5
25,025;38,5
25,025;38,5
25,025;38,5
25,025;38,5
25,025;38,5
25,025;38,5
24,375;37,5
23,075;35,5
23,075;35,5
23,075;35,5
19,825;30,5
19,825;30,5
19,825;30,5
17,875;27,5
17,875;27,5
17,875;27,5
17,875;27,5
5,525;8,5
-4,225;-6,5
-12,675;-19,5
-18,525;-28,5
-22,425;-34,5
-22,425;-34,5
-19,175;-29,5
-21,125;-32,5
-20,475;-31,5
-22,425;-34,5
-21,775;-33,5
-20,475;-31,5
-20,475;-31,5
-20,475;-31,5
-19,825;-30,5
-21,125;-32,5
-21,125;-32,5
-21,125;-32,5
-21,775;-33,5
-21,775;-33,5
-22,425;-34,5
-21,775;-33,5
-21,775;-33,5
-20,475;-31,5
-20,475;-31,5
-20,475;-31,5
-20,475;-31,5
-20,475;-31,5
-23,075;-35,5
-23,075;-35,5
-21,775;-33,5
-21,125;-32,5
-21,125;-32,5
-20,475;-31,5
-20,475;-31,5
-19,825;-30,5
-19,825;-30,5
-19,175;-29,5
-21,775;-33,5
-19,825;-30,5
-19,175;-29,5
-23,075;-35,5
-23,075;-35,5
-23,075;-35,5
-20,475;-31,5
-16,575;-25,5
-4,225;-6,5
3,575;5,5
13,325;20,5
18,525;28,5
20,475;31,5
20,475;31,5
20,475;31,5
20,475;31,5
20,475;31,5
21,125;32,5
21,775;33,5
22,425;34,5
22,425;34,5
22,425;34,5
23,725;36,5
23,725;36,5
23,725;36,5
23,725;36,5
23,725;36,5
23,725;36,5
24,375;37,5
25,025;38,5
25,025;38,5
25,025;38,5
24,375;37,5
24,375;37,5
24,375;37,5
24,375;37,5
24,375;37,5
22,425;34,5
21,125;32,5
21,125;32,5
21,125;32,5
20,475;31,5
19,825;30,5
20,475;31,5
19,175;29,5
15,925;24,5
5,525;8,5
-7,475;-11,5
-15,275;-23,5
-18,525;-28,5
-20,475;-31,5
-23,075;-35,5
-21,125;-32,5
-21,125;-32,5
-21,125;-32,5
-20,475;-31,5
-20,475;-31,5
-21,125;-32,5
-21,125;-32,5
-21,125;-32,5
-22,425;-34,5
-22,425;-34,5
-21,775;-33,5
-21,775;-33,5
-19,825;-30,5
-19,825;-30,5
-19,825;-30,5
-21,775;-33,5
-21,125;-32,5
-21,125;-32,5
-21,775;-33,5
-21,775;-33,5
-21,775;-33,5
-21,125;-32,5
-21,125;-32,5
-21,125;-32,5
-21,125;-32,5
-20,475;-31,5
-21,775;-33,5
-21,125;-32,5
-19,175;-29,5
-19,175;-29,5
-23,075;-35,5
-22,425;-34,5
-21,775;-33,5
-18,525;-28,5
-11,375;-17,5
2,925;4,5
9,425;14,5
17,225;26,5
23,725;36,5
23,725;36,5
23,725;36,5
23,075;35,5
23,075;35,5
22,425;34,5
19,825;30,5
19,825;30,5
21,125;32,5
22,425;34,5
22,425;34,5
23,725;36,5
24,375;37,5
25,025;38,5
25,025;38,5
25,025;38,5
25,025;38,5
24,375;37,5
24,375;37,5
24,375;37,5
25,025;38,5
25,025;38,5
25,025;38,5
25,025;38,5
25,025;38,5
25,025;38,5
25,025;38,5
23,725;36,5
21,775;33,5
21,125;32,5
21,125;32,5
21,775;33,5
22,425;34,5
22,425;34,5
21,775;33,5
21,775;33,5
13,975;21,5
2,275;3,5
-8,125;-12,5
-13,975;-21,5
-19,175;-29,5
-23,075;-35,5
-20,475;-31,5
-20,475;-31,5
-21,125;-32,5
-22,425;-34,5
-23,075;-35,5
-21,775;-33,5
-21,775;-33,5
-21,125;-32,5
-21,125;-32,5
-22,425;-34,5
-22,425;-34,5
-21,775;-33,5
-21,775;-33,5
-21,775;-33,5
-21,775;-33,5
-21,775;-33,5
-21,775;-33,5
-21,775;-33,5
-22,425;-34,5
-22,425;-34,5
-23,075;-35,5
-23,075;-35,5
-23,075;-35,5
-23,075;-35,5
-21,125;-32,5
-20,475;-31,5
-20,475;-31,5
-20,475;-31,5
-21,125;-32,5
-22,425;-34,5
-21,775;-33,5
-20,475;-31,5
-20,475;-31,5
-20,475;-31,5
-21,125;-32,5
-23,075;-35,5
-21,775;-33,5
-21,775;-33,5
-14,625;-22,5
-0,975;-1,5
8,775;13,5
15,275;23,5
15,925;24,5
15,275;23,5
15,275;23,5
14,625;22,5
15,275;23,5
15,275;23,5
15,275;23,5
17,875;27,5
18,525;28,5
19,825;30,5
20,475;31,5
20,475;31,5
20,475;31,5
21,775;33,5
21,125;32,5
21,125;32,5
21,125;32,5
21,775;33,5
23,725;36,5
23,725;36,5
23,075;35,5
23,075;35,5
23,075;35,5
23,075;35,5
22,425;34,5
22,425;34,5
22,425;34,5
22,425;34,5
21,125;32,5
21,125;32,5
18,525;28,5
17,225;26,5
17,225;26,5
19,175;29,5
19,175;29,5
19,175;29,5
20,475;31,5
19,825;30,5
13,325;20,5
8,125;12,5
-0,325;-0,5
-11,375;-17,5
-15,925;-24,5
-20,475;-31,5
-20,475;-31,5
-20,475;-31,5
-21,125;-32,5
-19,825;-30,5
-22,425;-34,5
-21,775;-33,5
-21,775;-33,5
-21,775;-33,5
-21,125;-32,5
-21,125;-32,5
-21,125;-32,5
-21,125;-32,5
-21,125;-32,5
-20,475;-31,5
-20,475;-31,5
-20,475;-31,5
-20,475;-31,5
-20,475;-31,5
-20,475;-31,5
-21,125;-32,5
-22,425;-34,5
-21,775;-33,5
-21,775;-33,5
-21,775;-33,5
-21,775;-33,5
-21,125;-32,5
-21,125;-32,5
-22,425;-34,5
-21,125;-32,5
-19,825;-30,5
-20,475;-31,5
-20,475;-31,5
-21,775;-33,5
-21,125;-32,5
-21,775;-33,5
-18,525;-28,5
-12,675;-19,5
-8,125;-12,5
-4,225;-6,5
6,175;9,5
13,325;20,5
13,975;21,5
13,975;21,5
13,975;21,5
15,275;23,5
17,225;26,5
17,225;26,5
17,225;26,5
17,875;27,5
17,225;26,5
14,625;22,5
15,275;23,5
15,275;23,5
15,925;24,5
17,225;26,5
17,225;26,5
21,125;32,5
21,125;32,5
21,775;33,5
21,125;32,5
21,125;32,5
21,125;32,5
21,125;32,5
19,825;30,5
19,825;30,5
18,525;28,5
18,525;28,5
18,525;28,5
18,525;28,5
19,175;29,5
18,525;28,5
18,525;28,5
18,525;28,5
18,525;28,5
17,875;27,5
19,175;29,5
19,175;29,5
21,775;33,5
21,775;33,5
23,075;35,5
23,075;35,5
23,075;35,5
22,425;34,5
20,475;31,5
12,025;18,5
3,575;5,5
-6,175;-9,5
-13,975;-21,5
-18,525;-28,5
-19,825;-30,5
-19,825;-30,5
-21,775;-33,5
-21,125;-32,5
-20,475;-31,5
-22,425;-34,5
-22,425;-34,5
-20,475;-31,5
-20,475;-31,5
-20,475;-31,5
-21,775;-33,5
-21,125;-32,5
-21,125;-32,5
-19,825;-30,5
-19,825;-30,5
-20,475;-31,5
-20,475;-31,5
-20,475;-31,5
-20,475;-31,5
-20,475;-31,5
-21,125;-32,5
-21,125;-32,5
-21,775;-33,5
-20,475;-31,5
-22,425;-34,5
-22,425;-34,5
-20,475;-31,5
-19,175;-29,5
-20,475;-31,5
-21,775;-33,5
-21,125;-32,5
-21,125;-32,5
-15,925;-24,5
-10,725;-16,5
2,275;3,5
8,775;13,5
13,325;20,5
19,825;30,5
21,125;32,5
21,775;33,5
20,475;31,5
20,475;31,5
20,475;31,5
21,125;32,5
22,425;34,5
22,425;34,5
24,375;37,5
24,375;37,5
24,375;37,5
25,025;38,5
23,725;36,5
23,725;36,5
24,375;37,5
25,025;38,5
25,025;38,5
24,375;37,5
24,375;37,5
24,375;37,5
24,375;37,5
24,375;37,5
23,075;35,5
22,425;34,5
23,075;35,5
23,075;35,5
21,775;33,5
22,425;34,5
22,425;34,5
22,425;34,5
22,425;34,5
16,575;25,5
4,875;7,5
-1,625;-2,5
-17,225;-26,5
-18,525;-28,5
-22,425;-34,5
-20,475;-31,5
-20,475;-31,5
-21,125;-32,5
-22,425;-34,5
-21,125;-32,5
-20,475;-31,5
-21,775;-33,5
-21,775;-33,5
-21,775;-33,5
-22,425;-34,5
-22,425;-34,5
-22,425;-34,5
-22,425;-34,5
-22,425;-34,5
-20,475;-31,5
-21,125;-32,5
-21,125;-32,5
-21,125;-32,5
-21,125;-32,5
-24,375;-37,5
-24,375;-37,5
-24,375;-37,5
-22,425;-34,5
-21,125;-32,5
-21,125;-32,5
-21,775;-33,5
-23,075;-35,5
-22,425;-34,5
-22,425;-34,5
-22,425;-34,5
-21,125;-32,5
-20,475;-31,5
-20,475;-31,5
-22,425;-34,5
-20,475;-31,5
-20,475;-31,5
-23,075;-35,5
-22,425;-34,5
-18,525;-28,5
-12,675;-19,5
-6,175;-9,5
0,325;0,5
15,925;24,5
15,925;24,5
17,225;26,5
20,475;31,5
20,475;31,5
20,475;31,5
20,475;31,5
19,825;30,5
19,825;30,5
20,475;31,5
19,825;30,5
19,825;30,5
21,125;32,5
21,125;32,5
21,125;32,5
21,125;32,5
21,775;33,5
21,775;33,5
21,775;33,5
21,775;33,5
23,725;36,5
23,725;36,5
23,725;36,5
23,725;36,5
23,725;36,5
23,725;36,5
23,725;36,5
21,775;33,5
19,825;30,5
17,225;26,5
15,925;24,5
17,875;27,5
17,875;27,5
17,875;27,5
17,225;26,5
17,225;26,5
17,225;26,5
15,925;24,5
8,775;13,5
0,975;1,5
-8,125;-12,5
-10,725;-16,5
-14,625;-22,5
-18,525;-28,5
-21,775;-33,5
-21,775;-33,5
-21,775;-33,5
-21,125;-32,5
-19,825;-30,5
-21,125;-32,5
-22,425;-34,5
-21,125;-32,5
-19,175;-29,5
-19,175;-29,5
-19,175;-29,5
-21,125;-32,5
-21,125;-32,5
-21,125;-32,5
-22,425;-34,5
-22,425;-34,5
-22,425;-34,5
-21,775;-33,5
-21,125;-32,5
-20,475;-31,5
-23,725;-36,5
-24,375;-37,5
-24,375;-37,5
-24,375;-37,5
-26,325;-40,5
-26,975;-41,5
-26,975;-41,5
-26,975;-41,5
-24,375;-37,5
-21,775;-33,5
-20,475;-31,5
-19,175;-29,5
-17,875;-27,5
-15,275;-23,5
-6,175;-9,5
0,975;1,5
5,525;8,5
10,725;16,5
15,275;23,5
18,525;28,5
18,525;28,5
21,125;32,5
22,425;34,5
23,075;35,5
23,075;35,5
23,075;35,5
23,725;36,5
23,725;36,5
24,375;37,5
21,775;33,5
21,775;33,5
18,525;28,5
18,525;28,5
18,525;28,5
18,525;28,5
19,825;30,5
19,825;30,5
19,825;30,5
18,525;28,5
16,575;25,5
16,575;25,5
15,925;24,5
16,575;25,5
18,525;28,5
18,525;28,5
18,525;28,5
